statement error table "kv" does not exist
INSERT INTO kv VALUES ('a', 'b')

statement ok
CREATE TABLE kv (
  k CHAR PRIMARY KEY,
  v CHAR,
  CONSTRAINT a UNIQUE (v)
)

query TT
SELECT * FROM kv
----

statement ok
INSERT INTO kv VALUES ('A')

statement error missing "k" primary key column
INSERT INTO kv (v) VALUES ('a')

statement ok
INSERT INTO kv (k) VALUES ('nil1')

statement ok
INSERT INTO kv (k) VALUES ('nil2')

statement ok
INSERT INTO kv VALUES ('nil3', NULL)

statement ok
INSERT INTO kv VALUES ('nil4', NULL)

statement ok
INSERT INTO kv (k,v) VALUES ('a', 'b'), ('c', 'd')

statement ok
INSERT INTO kv VALUES ('e', 'f')

statement error duplicate key value .* violates unique constraint
INSERT INTO kv VALUES ('e', 'f')

statement ok
INSERT INTO kv VALUES ('f', 'g')

statement error duplicate key value .* violates unique constraint
INSERT INTO kv VALUES ('g', 'g')

query TT
SELECT * FROM kv
----
A    NULL
a    b
c    d
e    f
f    g
nil1 NULL
nil2 NULL
nil3 NULL
nil4 NULL

statement ok
CREATE TABLE kv2 (
  k CHAR,
  v CHAR,
  CONSTRAINT a UNIQUE (v),
  PRIMARY KEY (k, v)
)

statement ok
INSERT INTO kv2 VALUES ('a', 'b'), ('c', 'd'), ('e', 'f'), ('f', 'g')

query TT
SELECT * FROM kv2
----
a   b
c   d
e   f
f   g

statement ok
CREATE TABLE kv3 (
  k CHAR PRIMARY KEY,
  v CHAR NOT NULL
)

statement error null value in column "v" violates not-null constraint
INSERT INTO kv3 VALUES ('a')

statement error null value in column "v" violates not-null constraint
INSERT INTO kv3 VALUES ('a', NULL)

statement error null value in column "v" violates not-null constraint
INSERT INTO kv3 (k) VALUES ('a')

query TT
SELECT * FROM kv3
----

statement ok
CREATE TABLE kv4 (
  int INT PRIMARY KEY,
  bit BIT,
  bool BOOLEAN,
  char CHAR,
  float FLOAT
)

statement error value type string doesn't match type INT of column "int"
INSERT INTO kv4 (int) VALUES ('a')

statement ok
INSERT INTO kv4 (int) VALUES (1)

statement error value type string doesn't match type BIT of column "bit"
INSERT INTO kv4 (int, bit) VALUES (2, 'a')

statement ok
INSERT INTO kv4 (int, bit) VALUES (2, 1)

statement error value type string doesn't match type BOOL of column "bool"
INSERT INTO kv4 (int, bool) VALUES (3, 'a')

statement ok
INSERT INTO kv4 (int, bool) VALUES (3, true)

statement error value type int doesn't match type CHAR of column "char"
INSERT INTO kv4 (int, char) VALUES (4, 1)

statement ok
INSERT INTO kv4 (int, char) VALUES (4, 'a')

statement error value type int doesn't match type FLOAT of column "float"
INSERT INTO kv4 (int, float) VALUES (5, 1)

statement ok
INSERT INTO kv4 (int, float) VALUES (5, 2.3)

query TT
SELECT * from kv4
----
1    NULL NULL NULL NULL
2    1    NULL NULL NULL
3    NULL true NULL NULL
4    NULL NULL a    NULL
5    NULL NULL NULL 2.3
