statement ok
CREATE DATABASE t

statement ok
CREATE TABLE t.kv (
  k INT PRIMARY KEY,
  v INT
)

statement ok
INSERT INTO t.kv VALUES (1, 2), (3, 4), (5, 6), (7, 8)

query II
SELECT * FROM t.kv WHERE k IN (1, 3)
----
k v
1 2
3 4

query II
SELECT * FROM t.kv WHERE v IN (6)
----
k v
5 6
